{"stats":{"minecraft:mined":{"minecraft:hay_block":7,"environmental:cherry_log":6,"upgrade_aquatic:mulberry_vine":2,"minecraft:birch_leaves":1,"treechop:chopped_log":2,"autumnity:maple_leaves":1,"minecraft:grass":37,"delightful:mini_melon":9,"minecraft:light_gray_bed":4,"quark:dirty_glass_pane":1,"environmental:pine_planks":3,"minecraft:tall_grass":1,"delightful:wild_salmonberries":16,"minecraft:oak_leaves":5,"atmospheric:orange":13},"minecraft:custom":{"minecraft:time_since_rest":1157,"enigmaticlegacy:play_time_with_seven_curses":0,"minecraft:waystone_activated":2,"lootr:looted_stat":8,"minecraft:sprint_one_cm":93894,"minecraft:damage_taken":1296,"minecraft:walk_one_cm":219236,"minecraft:mob_kills":8,"minecraft:drop":6,"minecraft:damage_dealt":2589,"enigmaticlegacy:play_time_without_seven_curses":48909,"minecraft:interact_with_crafting_table":5,"minecraft:fly_one_cm":179800,"minecraft:crouch_one_cm":722,"minecraft:play_time":49023,"minecraft:deaths":2,"minecraft:sneak_time":355,"minecraft:damage_dealt_resisted":260,"minecraft:jump":909,"minecraft:interact_with_brewingstand":1,"minecraft:walk_on_water_one_cm":5827,"minecraft:time_since_death":37661,"minecraft:sleep_in_bed":3,"minecraft:total_world_time":49023,"minecraft:climb_one_cm":13333,"minecraft:fall_one_cm":35870},"minecraft:killed_by":{"born_in_chaos_v1:firelight_not_despawn":1},"minecraft:crafted":{"minecraft:oak_planks":24,"minecraft:iron_axe":1,"minecraft:stick":1,"minecraft:iron_sword":1},"minecraft:used":{"minecraft:apple":1,"minecraft:iron_axe":67,"minecraft:oak_planks":24,"environmental:cherries":21,"environmental:cherry_log":12,"minecraft:iron_sword":98,"atmospheric:orange":15,"delightful:salmonberries":14,"minecraft:hay_block":3,"minecraft:light_gray_bed":3,"delightful:acorn":1},"minecraft:dropped":{"atmospheric:laurel_sapling":2,"minecraft:oak_sapling":3,"minecraft:map":1,"minecraft:clay_ball":2,"minecraft:leather":2,"environmental:pine_planks":1},"minecraft:killed":{"iter_rpg:goblin":2,"iter_rpg:goblin_warrior":3,"unusualprehistory:sludge":1,"iter_rpg:hobgoblin":1,"quark:wraith":1},"minecraft:picked_up":{"minecraft:stick":24,"minecraft:clay_ball":2,"minecraft:leather":2,"environmental:cherry_log":26,"environmental:pine_planks":2,"minecraft:oak_log":6,"environmental:pine_log":15,"delightful:salmonberries":15,"minecraft:map":1,"atmospheric:orange":13,"atmospheric:laurel_sapling":2,"environmental:cherries":23,"minecraft:light_gray_bed":4,"minecraft:wheat_seeds":4,"minecraft:apple":1,"minecraft:gold_nugget":1,"iter_rpg:coin":3,"delightful:mini_melon":9,"minecraft:iron_helmet":1,"minecraft:hay_block":7,"delightful:acorn":1,"minecraft:iron_nugget":2,"iter_rpg:gobsteel_scrap":7,"quark:soul_bead":1,"minecraft:bamboo":3,"minecraft:oak_sapling":3,"upgrade_aquatic:mulberry":4,"environmental:moody_cherry_sapling":13}},"DataVersion":3120}