{"stats":{"minecraft:mined":{"minecraft:smithing_table":1,"minecraft:scaffolding":1,"minecraft:dandelion":1,"minecraft:clay":6,"minecraft:crafting_table":1,"minecraft:grass_block":34,"environmental:cherry_planks":14,"minecraft:light_gray_bed":5,"woodworks:oak_chest":1,"create:cut_deepslate":1,"environmental:pine_planks":9,"minecraft:cobblestone":3,"minecraft:tall_grass":1,"delightful:wild_salmonberries":16,"atmospheric:orange":13,"minecraft:hay_block":8,"environmental:cherry_log":6,"environmental:pine_chest":2,"upgrade_aquatic:mulberry_vine":2,"minecraft:birch_leaves":1,"minecraft:brown_bed":1,"treechop:chopped_log":2,"autumnity:maple_leaves":1,"minecraft:grass":38,"delightful:mini_melon":9,"minecraft:dirt_path":2,"quark:lootr_oak_chest":2,"quark:spruce_chest":1,"quark:blossom_trapdoor":1,"minecraft:dirt":44,"quark:dirty_glass_pane":1,"minecraft:stone":85,"minecraft:oak_leaves":5},"minecraft:custom":{"minecraft:interact_with_smithing_table":1,"enigmaticlegacy:play_time_with_seven_curses":0,"minecraft:interact_with_furnace":1,"lootr:looted_stat":14,"minecraft:mob_kills":8,"enigmaticlegacy:play_time_without_seven_curses":96909,"minecraft:interact_with_crafting_table":28,"minecraft:open_barrel":42,"minecraft:damage_dealt_resisted":260,"minecraft:time_since_death":85661,"minecraft:sleep_in_bed":6,"minecraft:climb_one_cm":13333,"minecraft:time_since_rest":5701,"minecraft:waystone_activated":5,"minecraft:sprint_one_cm":106646,"minecraft:walk_one_cm":350407,"minecraft:damage_taken":1325,"minecraft:drop":12,"minecraft:damage_dealt":2589,"minecraft:swim_one_cm":6064,"minecraft:fly_one_cm":198339,"minecraft:open_chest":66,"minecraft:crouch_one_cm":752,"minecraft:play_time":97023,"minecraft:deaths":2,"minecraft:sneak_time":364,"minecraft:walk_under_water_one_cm":3536,"minecraft:interact_with_brewingstand":1,"minecraft:jump":1096,"minecraft:walk_on_water_one_cm":14795,"minecraft:total_world_time":97023,"minecraft:fall_one_cm":40446},"minecraft:killed_by":{"born_in_chaos_v1:firelight_not_despawn":1},"minecraft:used":{"minecraft:iron_shovel":91,"minecraft:oak_planks":24,"environmental:pine_planks":22,"woodworks:oak_chest":1,"minecraft:iron_sword":98,"atmospheric:orange":15,"create:cut_deepslate":1,"minecraft:torch":4,"delightful:salmonberries":14,"minecraft:dirt":75,"environmental:cherry_planks":106,"minecraft:crafting_table":2,"waystones:waystone":1,"minecraft:diamond_pickaxe":2,"minecraft:apple":1,"quark:spruce_chest":1,"minecraft:iron_axe":97,"minecraft:bread":2,"minecraft:iron_pickaxe":87,"environmental:cherries":21,"environmental:cherry_log":12,"environmental:pine_chest":4,"minecraft:cobblestone":19,"minecraft:hay_block":4,"minecraft:smithing_table":1,"quark:blossom_trapdoor":1,"quark:oak_chest":2,"minecraft:light_gray_bed":4,"minecraft:brown_bed":1,"delightful:acorn":1},"minecraft:crafted":{"minecraft:oak_planks":24,"environmental:cherry_planks":92,"minecraft:crafting_table":1,"minecraft:iron_sword":1,"minecraft:smithing_table":1,"woodworks:oak_chest":1,"minecraft:diamond_pickaxe":1,"environmental:pine_chest":2,"minecraft:iron_axe":1,"minecraft:stick":1,"minecraft:iron_pickaxe":1,"minecraft:iron_shovel":1,"minecraft:torch":32,"environmental:pine_planks":60},"minecraft:dropped":{"atmospheric:laurel_sapling":2,"minecraft:smithing_table":2,"minecraft:clay_ball":2,"minecraft:oak_planks":12,"minecraft:leather":2,"minecraft:oak_sapling":3,"minecraft:map":1,"minecraft:gold_nugget":2,"environmental:pine_planks":1},"minecraft:killed":{"iter_rpg:goblin":2,"iter_rpg:goblin_warrior":3,"unusualprehistory:sludge":1,"iter_rpg:hobgoblin":1,"quark:wraith":1},"minecraft:picked_up":{"minecraft:crafting_table":1,"minecraft:flower_pot":1,"born_in_chaos_v1:monster_flesh":2,"minecraft:clay_ball":26,"minecraft:leather":2,"minecraft:smithing_table":2,"minecraft:brown_bed":1,"minecraft:enchanted_book":1,"minecraft:oak_log":6,"environmental:pine_log":15,"minecraft:map":1,"minecraft:dirt":75,"minecraft:string":2,"atmospheric:orange":13,"atmospheric:laurel_sapling":2,"environmental:cherries":23,"born_in_chaos_v1:intoxicating_decoction":1,"woodworks:oak_chest":1,"minecraft:experience_bottle":2,"minecraft:apple":1,"minecraft:rabbit_hide":2,"quark:spruce_chest":1,"delightful:mini_melon":18,"minecraft:wheat_seeds":9,"minecraft:gold_nugget":4,"delightful:acorn":1,"iter_rpg:coin":6,"born_in_chaos_v1:smoked_flesh":2,"simplehats:farmerbrim":1,"create:cut_deepslate":1,"quark:soul_bead":2,"minecraft:iron_nugget":4,"minecraft:bamboo":3,"alexsmobs:blobfish":1,"upgrade_aquatic:mulberry":8,"minecraft:oak_planks":12,"minecraft:scaffolding":1,"environmental:pine_chest":2,"minecraft:stick":24,"environmental:cherry_planks":14,"minecraft:torch":1,"minecraft:dandelion":2,"environmental:pine_planks":8,"environmental:cherry_log":40,"delightful:salmonberries":15,"quark:blossom_trapdoor":1,"quark:oak_chest":2,"minecraft:rotten_flesh":6,"minecraft:light_gray_bed":5,"minecraft:hay_block":12,"minecraft:iron_helmet":2,"iter_rpg:gobsteel_scrap":14,"minecraft:emerald":8,"minecraft:oak_sapling":3,"minecraft:ender_pearl":1,"minecraft:cobblestone":88,"environmental:moody_cherry_sapling":13}},"DataVersion":3120}