{"stats":{"minecraft:mined":{"minecraft:candle":1,"create:brown_seat":2,"farmersdelight:wild_carrots":2,"minecraft:spruce_trapdoor":2,"minecraft:allium":1,"minecraft:grass_block":35,"minecraft:light_gray_bed":5,"environmental:pine_planks":9,"minecraft:hay_block":8,"farmersdelight:wild_onions":5,"environmental:pine_chest":2,"minecraft:dark_oak_trapdoor":4,"upgrade_aquatic:mulberry_vine":2,"treechop:chopped_log":2,"autumnity:maple_leaves":1,"minecraft:brown_bed":1,"minecraft:dirt_path":2,"quark:blossom_trapdoor":1,"minecraft:stone":85,"minecraft:smithing_table":1,"minecraft:scaffolding":1,"minecraft:dandelion":1,"minecraft:clay":6,"minecraft:crafting_table":1,"environmental:cherry_planks":14,"create:cut_deepslate":1,"woodworks:oak_chest":1,"minecraft:tall_grass":1,"minecraft:cobblestone":3,"delightful:wild_salmonberries":16,"atmospheric:orange":13,"supplementaries:urn":1,"environmental:cherry_log":6,"minecraft:birch_leaves":1,"minecraft:grass":39,"delightful:mini_melon":9,"quark:lootr_oak_chest":2,"quark:spruce_chest":1,"minecraft:dirt":44,"quark:dirty_glass_pane":1,"minecraft:oak_leaves":5},"minecraft:custom":{"minecraft:interact_with_smithing_table":1,"enigmaticlegacy:play_time_with_seven_curses":0,"lootr:looted_stat":14,"minecraft:mob_kills":8,"minecraft:interact_with_crafting_table":28,"minecraft:open_barrel":53,"minecraft:damage_dealt_resisted":260,"minecraft:time_since_death":97661,"minecraft:climb_one_cm":13333,"minecraft:sprint_one_cm":140369,"minecraft:walk_one_cm":380531,"minecraft:drop":12,"minecraft:play_time":109023,"minecraft:deaths":2,"minecraft:sneak_time":364,"minecraft:walk_under_water_one_cm":4447,"minecraft:jump":1419,"minecraft:interact_with_brewingstand":1,"minecraft:walk_on_water_one_cm":20891,"minecraft:total_world_time":109023,"minecraft:interact_with_furnace":1,"enigmaticlegacy:play_time_without_seven_curses":108909,"minecraft:sleep_in_bed":6,"minecraft:time_since_rest":17701,"minecraft:waystone_activated":6,"minecraft:damage_taken":1420,"minecraft:damage_dealt":2589,"minecraft:swim_one_cm":10839,"minecraft:fly_one_cm":271899,"minecraft:open_chest":83,"minecraft:crouch_one_cm":752,"minecraft:fall_one_cm":53278},"minecraft:killed_by":{"born_in_chaos_v1:firelight_not_despawn":1},"minecraft:crafted":{"minecraft:oak_planks":24,"environmental:cherry_planks":92,"minecraft:iron_axe":1,"environmental:pine_chest":2,"environmental:pine_planks":60,"minecraft:crafting_table":1,"minecraft:iron_sword":1,"minecraft:smithing_table":1,"woodworks:oak_chest":1,"minecraft:diamond_pickaxe":1,"minecraft:stick":1,"minecraft:iron_pickaxe":1,"minecraft:iron_shovel":1,"minecraft:torch":32},"minecraft:used":{"fantasyfurniture:decorations/tankards_honeymead":1,"minecraft:iron_shovel":92,"woodworks:oak_chest":1,"minecraft:iron_sword":107,"minecraft:torch":4,"minecraft:dirt":75,"fantasyfurniture:decorations/bowl_beetroot_soup":1,"fantasyfurniture:nordic/cushion":2,"environmental:cherry_planks":106,"quark:spruce_chest":1,"minecraft:iron_axe":105,"minecraft:hay_block":4,"minecraft:light_gray_bed":4,"minecraft:brown_bed":1,"minecraft:oak_planks":24,"environmental:pine_planks":22,"atmospheric:orange":15,"create:cut_deepslate":1,"delightful:salmonberries":14,"minecraft:crafting_table":2,"waystones:waystone":1,"minecraft:diamond_pickaxe":2,"fantasyfurniture:nordic/table_large":1,"minecraft:apple":1,"minecraft:bread":5,"minecraft:iron_pickaxe":88,"environmental:cherries":21,"environmental:cherry_log":12,"environmental:pine_chest":4,"minecraft:cobblestone":19,"minecraft:smithing_table":1,"quark:blossom_trapdoor":1,"quark:oak_chest":2,"minecraft:candle":4,"delightful:acorn":1,"fantasyfurniture:decorations/book_stack":1},"minecraft:dropped":{"atmospheric:laurel_sapling":2,"minecraft:smithing_table":2,"minecraft:leather":2,"minecraft:map":1,"minecraft:gold_nugget":2,"environmental:pine_planks":1,"minecraft:clay_ball":2,"minecraft:oak_planks":12,"minecraft:oak_sapling":3},"minecraft:killed":{"iter_rpg:goblin":2,"iter_rpg:hobgoblin":1,"unusualprehistory:sludge":1,"iter_rpg:goblin_warrior":3,"quark:wraith":1},"minecraft:picked_up":{"minecraft:crafting_table":1,"minecraft:allium":9,"minecraft:clay_ball":26,"minecraft:flower_pot":1,"minecraft:smithing_table":2,"minecraft:brown_bed":1,"minecraft:enchanted_book":1,"minecraft:dark_oak_trapdoor":3,"minecraft:string":2,"atmospheric:laurel_sapling":2,"born_in_chaos_v1:intoxicating_decoction":1,"minecraft:experience_bottle":2,"woodworks:oak_chest":1,"minecraft:gold_nugget":4,"quark:spruce_chest":1,"minecraft:candle":4,"delightful:acorn":1,"iter_rpg:coin":6,"minecraft:iron_nugget":4,"upgrade_aquatic:mulberry":8,"minecraft:spruce_trapdoor":2,"minecraft:stick":24,"minecraft:torch":1,"environmental:pine_planks":8,"minecraft:carrot":2,"minecraft:light_gray_bed":5,"minecraft:rotten_flesh":6,"farmersdelight:onion":5,"minecraft:hay_block":12,"iter_rpg:gobsteel_scrap":14,"minecraft:cobblestone":88,"create:brown_seat":2,"born_in_chaos_v1:monster_flesh":2,"minecraft:leather":2,"minecraft:oak_log":6,"environmental:pine_log":15,"atmospheric:orange":13,"minecraft:map":1,"minecraft:dirt":76,"environmental:cherries":23,"minecraft:apple":1,"delightful:mini_melon":18,"minecraft:wheat_seeds":10,"minecraft:rabbit_hide":2,"simplehats:farmerbrim":1,"born_in_chaos_v1:smoked_flesh":2,"create:cut_deepslate":1,"quark:soul_bead":2,"minecraft:bamboo":3,"alexsmobs:blobfish":1,"minecraft:oak_planks":12,"minecraft:scaffolding":1,"environmental:pine_chest":2,"environmental:cherry_planks":14,"minecraft:dandelion":2,"environmental:cherry_log":40,"delightful:salmonberries":15,"quark:blossom_trapdoor":1,"quark:oak_chest":2,"minecraft:iron_helmet":2,"minecraft:emerald":8,"minecraft:oak_sapling":3,"environmental:moody_cherry_sapling":13,"minecraft:ender_pearl":1}},"DataVersion":3120}