{"stats":{"minecraft:mined":{"minecraft:hay_block":7,"minecraft:grass":10,"minecraft:birch_leaves":1,"delightful:wild_salmonberries":10,"minecraft:oak_leaves":5,"autumnity:maple_leaves":1},"minecraft:custom":{"minecraft:time_since_rest":1739,"enigmaticlegacy:play_time_with_seven_curses":0,"minecraft:crouch_one_cm":222,"minecraft:play_time":13023,"lootr:looted_stat":1,"minecraft:sprint_one_cm":26341,"minecraft:walk_one_cm":67463,"minecraft:damage_taken":608,"minecraft:deaths":2,"minecraft:sneak_time":35,"minecraft:interact_with_brewingstand":1,"minecraft:jump":179,"minecraft:damage_dealt":13,"minecraft:time_since_death":1661,"minecraft:walk_on_water_one_cm":348,"minecraft:climb_one_cm":6033,"enigmaticlegacy:play_time_without_seven_curses":12909,"minecraft:total_world_time":13023,"minecraft:fall_one_cm":11373,"minecraft:fly_one_cm":15582},"minecraft:killed_by":{"born_in_chaos_v1:firelight_not_despawn":1},"minecraft:used":{"delightful:salmonberries":2,"minecraft:apple":1,"minecraft:hay_block":2},"minecraft:picked_up":{"minecraft:stick":8,"minecraft:apple":1,"delightful:acorn":1,"minecraft:hay_block":7,"minecraft:oak_log":6,"delightful:salmonberries":9,"minecraft:oak_sapling":3}},"DataVersion":3120}