{"stats":{"minecraft:mined":{"minecraft:grass_block":6,"minecraft:light_gray_bed":4,"environmental:pine_planks":3,"minecraft:tall_grass":1,"delightful:wild_salmonberries":16,"atmospheric:orange":13,"minecraft:hay_block":8,"environmental:cherry_log":6,"upgrade_aquatic:mulberry_vine":2,"minecraft:birch_leaves":1,"treechop:chopped_log":2,"autumnity:maple_leaves":1,"minecraft:grass":37,"delightful:mini_melon":9,"minecraft:dirt_path":2,"minecraft:dirt":20,"quark:dirty_glass_pane":1,"minecraft:stone":45,"minecraft:oak_leaves":5},"minecraft:custom":{"enigmaticlegacy:play_time_with_seven_curses":0,"lootr:looted_stat":8,"minecraft:mob_kills":8,"enigmaticlegacy:play_time_without_seven_curses":60909,"minecraft:interact_with_crafting_table":22,"minecraft:damage_dealt_resisted":260,"minecraft:time_since_death":49661,"minecraft:sleep_in_bed":3,"minecraft:climb_one_cm":13333,"minecraft:time_since_rest":13157,"minecraft:waystone_activated":4,"minecraft:sprint_one_cm":96715,"minecraft:walk_one_cm":242204,"minecraft:damage_taken":1306,"minecraft:drop":10,"minecraft:damage_dealt":2589,"minecraft:fly_one_cm":185892,"minecraft:open_chest":26,"minecraft:crouch_one_cm":752,"minecraft:play_time":61023,"minecraft:deaths":2,"minecraft:sneak_time":364,"minecraft:interact_with_brewingstand":1,"minecraft:jump":983,"minecraft:walk_on_water_one_cm":5827,"minecraft:total_world_time":61023,"minecraft:fall_one_cm":37222},"minecraft:killed_by":{"born_in_chaos_v1:firelight_not_despawn":1},"minecraft:used":{"minecraft:iron_shovel":30,"minecraft:oak_planks":24,"woodworks:oak_chest":1,"minecraft:iron_sword":98,"atmospheric:orange":15,"minecraft:torch":1,"delightful:salmonberries":14,"minecraft:dirt":1,"minecraft:crafting_table":1,"waystones:waystone":1,"minecraft:diamond_pickaxe":2,"minecraft:apple":1,"minecraft:iron_axe":67,"minecraft:bread":1,"minecraft:iron_pickaxe":43,"environmental:cherries":21,"environmental:cherry_log":12,"environmental:pine_chest":2,"minecraft:hay_block":4,"minecraft:light_gray_bed":4,"delightful:acorn":1},"minecraft:crafted":{"minecraft:oak_planks":24,"minecraft:crafting_table":1,"minecraft:iron_sword":1,"woodworks:oak_chest":1,"minecraft:diamond_pickaxe":1,"environmental:pine_chest":2,"minecraft:iron_axe":1,"minecraft:stick":1,"minecraft:iron_pickaxe":1,"minecraft:iron_shovel":1,"minecraft:torch":32,"environmental:pine_planks":60},"minecraft:dropped":{"atmospheric:laurel_sapling":2,"minecraft:clay_ball":2,"minecraft:oak_planks":12,"minecraft:leather":2,"minecraft:oak_sapling":3,"minecraft:map":1,"minecraft:gold_nugget":2,"environmental:pine_planks":1},"minecraft:killed":{"iter_rpg:goblin":2,"iter_rpg:goblin_warrior":3,"unusualprehistory:sludge":1,"iter_rpg:hobgoblin":1,"quark:wraith":1},"minecraft:picked_up":{"minecraft:clay_ball":2,"minecraft:leather":2,"minecraft:oak_log":6,"environmental:pine_log":15,"minecraft:map":1,"minecraft:dirt":28,"minecraft:string":1,"atmospheric:orange":13,"atmospheric:laurel_sapling":2,"environmental:cherries":23,"minecraft:apple":1,"delightful:mini_melon":9,"minecraft:wheat_seeds":4,"minecraft:gold_nugget":3,"delightful:acorn":1,"iter_rpg:coin":3,"simplehats:farmerbrim":1,"quark:soul_bead":1,"minecraft:iron_nugget":2,"minecraft:bamboo":3,"upgrade_aquatic:mulberry":4,"minecraft:oak_planks":12,"minecraft:stick":24,"environmental:pine_planks":2,"environmental:cherry_log":26,"delightful:salmonberries":15,"minecraft:light_gray_bed":4,"minecraft:hay_block":8,"minecraft:iron_helmet":1,"iter_rpg:gobsteel_scrap":7,"minecraft:oak_sapling":3,"minecraft:cobblestone":33,"environmental:moody_cherry_sapling":13}},"DataVersion":3120}