{"stats":{"minecraft:mined":{"minecraft:candle":1,"create:brown_seat":2,"farmersdelight:wild_carrots":5,"minecraft:spruce_trapdoor":2,"minecraft:allium":1,"minecraft:grass_block":36,"minecraft:light_gray_bed":8,"environmental:pine_planks":9,"minecraft:hay_block":8,"farmersdelight:wild_onions":5,"environmental:purple_wall_hibiscus":1,"environmental:pine_chest":2,"minecraft:dark_oak_trapdoor":4,"minecraft:iron_ore":11,"upgrade_aquatic:mulberry_vine":2,"treechop:chopped_log":4,"autumnity:maple_leaves":1,"minecraft:brown_bed":1,"minecraft:dirt_path":2,"supplementaries:jar":1,"quark:blossom_trapdoor":1,"minecraft:stone":86,"iter_rpg:arcane_flower":1,"minecraft:smithing_table":1,"minecraft:scaffolding":1,"minecraft:dandelion":1,"minecraft:clay":6,"minecraft:crafting_table":1,"minecraft:polished_andesite_stairs":1,"environmental:cherry_planks":14,"create:cut_deepslate":1,"woodworks:oak_chest":1,"minecraft:tall_grass":1,"minecraft:cobblestone":3,"environmental:pink_wall_hibiscus":1,"farmersdelight:wild_tomatoes":5,"delightful:wild_salmonberries":33,"atmospheric:orange":13,"supplementaries:urn":1,"environmental:cartwheel":1,"environmental:cherry_log":6,"supplementaries:hourglass":1,"minecraft:birch_leaves":3,"minecraft:grass":45,"delightful:mini_melon":9,"environmental:blue_hanging_wisteria_leaves":1,"quark:lootr_oak_chest":2,"quark:spruce_chest":1,"minecraft:dirt":45,"quark:dirty_glass_pane":1,"minecraft:polished_andesite":1,"environmental:orange_wall_hibiscus":3,"minecraft:oak_leaves":5},"minecraft:custom":{"minecraft:interact_with_smithing_table":1,"enigmaticlegacy:play_time_with_seven_curses":0,"lootr:looted_stat":21,"minecraft:mob_kills":9,"minecraft:interact_with_crafting_table":28,"minecraft:open_barrel":54,"minecraft:damage_dealt_resisted":260,"minecraft:leave_game":2,"minecraft:time_since_death":132384,"minecraft:climb_one_cm":16631,"minecraft:sprint_one_cm":282047,"minecraft:walk_one_cm":462060,"minecraft:drop":12,"minecraft:play_time":143746,"minecraft:deaths":2,"minecraft:sneak_time":504,"minecraft:walk_under_water_one_cm":4447,"minecraft:jump":2450,"minecraft:interact_with_brewingstand":2,"minecraft:walk_on_water_one_cm":21555,"minecraft:total_world_time":143746,"minecraft:interact_with_furnace":1,"enigmaticlegacy:play_time_without_seven_curses":143632,"minecraft:sleep_in_bed":8,"minecraft:time_since_rest":13295,"minecraft:waystone_activated":9,"minecraft:damage_taken":1723,"minecraft:damage_dealt":2937,"minecraft:swim_one_cm":10839,"minecraft:fly_one_cm":517381,"minecraft:open_chest":83,"minecraft:crouch_one_cm":1615,"minecraft:fall_one_cm":84423},"minecraft:killed_by":{"born_in_chaos_v1:firelight_not_despawn":1},"minecraft:crafted":{"minecraft:oak_planks":24,"environmental:cherry_planks":92,"environmental:pine_chest":2,"minecraft:iron_axe":1,"environmental:pine_planks":60,"minecraft:crafting_table":1,"minecraft:iron_sword":1,"minecraft:smithing_table":1,"woodworks:oak_chest":1,"minecraft:diamond_pickaxe":1,"minecraft:stick":1,"minecraft:iron_pickaxe":1,"minecraft:iron_shovel":1,"minecraft:acacia_planks":68,"minecraft:torch":32},"minecraft:used":{"fantasyfurniture:decorations/tankards_honeymead":1,"minecraft:iron_shovel":106,"woodworks:oak_chest":1,"minecraft:iron_sword":137,"minecraft:torch":8,"minecraft:dirt":76,"fantasyfurniture:decorations/bowl_beetroot_soup":1,"fantasyfurniture:nordic/cushion":2,"environmental:cherry_planks":106,"quark:spruce_chest":1,"minecraft:iron_axe":123,"born_in_chaos_v1:mint_candy":3,"minecraft:hay_block":4,"minecraft:acacia_planks":49,"minecraft:light_gray_bed":7,"minecraft:brown_bed":1,"minecraft:oak_planks":24,"environmental:pine_planks":22,"atmospheric:orange":15,"create:cut_deepslate":1,"delightful:salmonberries":14,"minecraft:crafting_table":2,"waystones:waystone":1,"minecraft:diamond_pickaxe":2,"fantasyfurniture:nordic/table_large":1,"minecraft:apple":1,"minecraft:bread":17,"minecraft:iron_pickaxe":104,"environmental:cherries":21,"environmental:cherry_log":12,"environmental:pine_chest":4,"minecraft:cobblestone":19,"minecraft:smithing_table":1,"quark:blossom_trapdoor":1,"quark:oak_chest":2,"minecraft:candle":4,"delightful:acorn":1,"fantasyfurniture:decorations/book_stack":1},"minecraft:dropped":{"atmospheric:laurel_sapling":2,"minecraft:smithing_table":2,"minecraft:leather":2,"minecraft:map":1,"minecraft:gold_nugget":2,"environmental:pine_planks":1,"minecraft:clay_ball":2,"minecraft:oak_planks":12,"minecraft:oak_sapling":3},"minecraft:killed":{"iter_rpg:goblin":2,"born_in_chaos_v1:zombie_clown_not_despawn":1,"iter_rpg:hobgoblin":1,"unusualprehistory:sludge":1,"iter_rpg:goblin_warrior":3,"quark:wraith":1},"minecraft:picked_up":{"environmental:orange_hibiscus":3,"minecraft:crafting_table":1,"minecraft:allium":9,"minecraft:clay_ball":26,"minecraft:flower_pot":1,"minecraft:smithing_table":2,"minecraft:brown_bed":1,"minecraft:enchanted_book":1,"supplementaries:jar":1,"minecraft:dark_oak_trapdoor":3,"minecraft:string":2,"atmospheric:laurel_sapling":2,"born_in_chaos_v1:intoxicating_decoction":2,"minecraft:experience_bottle":2,"woodworks:oak_chest":1,"supplementaries:hourglass":1,"minecraft:gold_nugget":4,"quark:spruce_chest":1,"minecraft:candle":4,"delightful:acorn":1,"iter_rpg:coin":6,"minecraft:iron_nugget":4,"upgrade_aquatic:mulberry":8,"minecraft:spruce_trapdoor":2,"minecraft:raw_iron":11,"minecraft:stick":24,"minecraft:acacia_log":17,"minecraft:torch":1,"environmental:pine_planks":8,"environmental:cartwheel":1,"farmersdelight:tomato_seeds":5,"minecraft:carrot":5,"minecraft:rotten_flesh":9,"minecraft:light_gray_bed":8,"farmersdelight:onion":5,"minecraft:hay_block":12,"iter_rpg:gobsteel_scrap":14,"minecraft:cobblestone":89,"create:brown_seat":2,"born_in_chaos_v1:monster_flesh":2,"minecraft:leather":2,"minecraft:oak_log":6,"environmental:pine_log":15,"atmospheric:orange":13,"minecraft:map":1,"farmersdelight:tomato":2,"minecraft:dirt":77,"environmental:cherries":23,"iter_rpg:arcane_flower":1,"minecraft:apple":1,"delightful:mini_melon":18,"minecraft:wheat_seeds":10,"environmental:purple_hibiscus":1,"minecraft:rabbit_hide":2,"simplehats:farmerbrim":1,"born_in_chaos_v1:smoked_flesh":2,"create:cut_deepslate":1,"quark:soul_bead":2,"minecraft:bamboo":3,"alexsmobs:blobfish":1,"minecraft:oak_planks":12,"minecraft:acacia_sapling":7,"minecraft:polished_andesite_stairs":1,"environmental:pine_chest":2,"minecraft:scaffolding":1,"environmental:cherry_planks":14,"minecraft:dandelion":2,"environmental:cherry_log":40,"delightful:salmonberries":30,"quark:blossom_trapdoor":1,"quark:oak_chest":2,"minecraft:iron_helmet":2,"environmental:pink_hibiscus":1,"minecraft:emerald":8,"minecraft:oak_sapling":3,"environmental:moody_cherry_sapling":13,"minecraft:ender_pearl":1}},"DataVersion":3120}