{"stats":{"minecraft:mined":{"minecraft:hay_block":7,"minecraft:birch_leaves":1,"treechop:chopped_log":2,"autumnity:maple_leaves":1,"minecraft:grass":10,"environmental:pine_planks":2,"delightful:wild_salmonberries":10,"minecraft:oak_leaves":5,"atmospheric:orange":8},"minecraft:custom":{"minecraft:time_since_rest":13739,"enigmaticlegacy:play_time_with_seven_curses":0,"minecraft:waystone_activated":1,"lootr:looted_stat":2,"minecraft:sprint_one_cm":41125,"minecraft:damage_taken":738,"minecraft:walk_one_cm":123300,"minecraft:drop":3,"minecraft:damage_dealt":13,"enigmaticlegacy:play_time_without_seven_curses":24909,"minecraft:interact_with_crafting_table":5,"minecraft:fly_one_cm":33755,"minecraft:crouch_one_cm":392,"minecraft:play_time":25023,"minecraft:deaths":2,"minecraft:sneak_time":170,"minecraft:jump":294,"minecraft:interact_with_brewingstand":1,"minecraft:walk_on_water_one_cm":348,"minecraft:time_since_death":13661,"minecraft:total_world_time":25023,"minecraft:climb_one_cm":12762,"minecraft:fall_one_cm":14811},"minecraft:killed_by":{"born_in_chaos_v1:firelight_not_despawn":1},"minecraft:crafted":{"minecraft:oak_planks":24,"minecraft:iron_axe":1,"minecraft:stick":1,"minecraft:iron_sword":1},"minecraft:used":{"minecraft:apple":1,"minecraft:iron_axe":28,"minecraft:oak_planks":24,"minecraft:iron_sword":8,"delightful:salmonberries":8,"minecraft:hay_block":3,"delightful:acorn":1},"minecraft:dropped":{"atmospheric:laurel_sapling":2,"minecraft:oak_sapling":3,"environmental:pine_planks":1},"minecraft:picked_up":{"minecraft:stick":13,"environmental:cherry_log":21,"environmental:pine_planks":2,"minecraft:oak_log":6,"environmental:pine_log":15,"delightful:salmonberries":9,"atmospheric:orange":8,"atmospheric:laurel_sapling":2,"environmental:cherries":23,"minecraft:apple":1,"minecraft:hay_block":7,"delightful:acorn":1,"minecraft:bamboo":3,"minecraft:oak_sapling":3,"environmental:moody_cherry_sapling":13}},"DataVersion":3120}