{"stats":{"minecraft:mined":{"minecraft:hay_block":7,"upgrade_aquatic:mulberry_vine":2,"minecraft:birch_leaves":1,"treechop:chopped_log":2,"autumnity:maple_leaves":1,"minecraft:grass":12,"delightful:mini_melon":9,"minecraft:light_gray_bed":2,"quark:dirty_glass_pane":1,"environmental:pine_planks":2,"delightful:wild_salmonberries":16,"minecraft:oak_leaves":5,"atmospheric:orange":13},"minecraft:custom":{"minecraft:time_since_rest":2986,"enigmaticlegacy:play_time_with_seven_curses":0,"minecraft:waystone_activated":1,"lootr:looted_stat":8,"minecraft:sprint_one_cm":59917,"minecraft:damage_taken":963,"minecraft:walk_one_cm":184404,"minecraft:mob_kills":1,"minecraft:drop":3,"minecraft:damage_dealt":374,"enigmaticlegacy:play_time_without_seven_curses":36909,"minecraft:interact_with_crafting_table":5,"minecraft:fly_one_cm":91661,"minecraft:crouch_one_cm":560,"minecraft:play_time":37023,"minecraft:deaths":2,"minecraft:sneak_time":205,"minecraft:jump":551,"minecraft:interact_with_brewingstand":1,"minecraft:walk_on_water_one_cm":1643,"minecraft:time_since_death":25661,"minecraft:sleep_in_bed":1,"minecraft:total_world_time":37023,"minecraft:climb_one_cm":13333,"minecraft:fall_one_cm":25568},"minecraft:killed_by":{"born_in_chaos_v1:firelight_not_despawn":1},"minecraft:crafted":{"minecraft:oak_planks":24,"minecraft:iron_axe":1,"minecraft:stick":1,"minecraft:iron_sword":1},"minecraft:used":{"minecraft:apple":1,"minecraft:iron_axe":41,"minecraft:oak_planks":24,"environmental:cherries":12,"environmental:cherry_log":3,"minecraft:iron_sword":28,"atmospheric:orange":9,"delightful:salmonberries":8,"minecraft:hay_block":3,"minecraft:light_gray_bed":1,"delightful:acorn":1},"minecraft:killed":{"quark:wraith":1},"minecraft:dropped":{"atmospheric:laurel_sapling":2,"minecraft:oak_sapling":3,"environmental:pine_planks":1},"minecraft:picked_up":{"minecraft:stick":13,"environmental:cherry_log":21,"environmental:pine_planks":2,"minecraft:oak_log":6,"environmental:pine_log":15,"delightful:salmonberries":15,"atmospheric:orange":13,"atmospheric:laurel_sapling":2,"environmental:cherries":23,"minecraft:light_gray_bed":2,"minecraft:apple":1,"delightful:mini_melon":9,"minecraft:iron_helmet":1,"minecraft:hay_block":7,"delightful:acorn":1,"quark:soul_bead":1,"minecraft:bamboo":3,"minecraft:oak_sapling":3,"upgrade_aquatic:mulberry":4,"environmental:moody_cherry_sapling":13}},"DataVersion":3120}