{"stats":{"minecraft:mined":{"atmospheric:laurel_leaves":9,"minecraft:hay_block":1,"environmental:moody_cherry_leaves":2,"minecraft:fire":2,"treechop:chopped_log":2,"minecraft:grass":6,"environmental:pine_planks":2,"minecraft:bamboo":3,"atmospheric:orange":3},"minecraft:custom":{"minecraft:time_since_rest":12977,"enigmaticlegacy:play_time_with_seven_curses":0,"minecraft:waystone_activated":1,"lootr:looted_stat":2,"minecraft:sprint_one_cm":96900,"minecraft:damage_taken":460,"minecraft:walk_one_cm":81088,"minecraft:mob_kills":6,"minecraft:drop":4,"minecraft:damage_dealt":794,"enigmaticlegacy:play_time_without_seven_curses":35244,"minecraft:swim_one_cm":5944,"minecraft:interact_with_crafting_table":5,"minecraft:fly_one_cm":146477,"minecraft:crouch_one_cm":302,"minecraft:play_time":35284,"minecraft:deaths":1,"minecraft:sneak_time":383,"minecraft:walk_under_water_one_cm":277,"minecraft:jump":364,"minecraft:leave_game":1,"minecraft:time_since_death":12937,"minecraft:walk_on_water_one_cm":692,"minecraft:total_world_time":35284,"minecraft:climb_one_cm":12428,"minecraft:fall_one_cm":10478},"minecraft:crafted":{"minecraft:crafting_table":1,"minecraft:iron_pickaxe":1,"environmental:pine_planks":64,"minecraft:bread":3,"minecraft:wheat":9},"minecraft:used":{"minecraft:bread":3,"environmental:pine_planks":20,"atmospheric:orange":4,"minecraft:crafting_table":1,"iter_rpg:very_good_and_cheerful_rapier":45},"minecraft:killed":{"minecraft:pig":2,"minecraft:spider":1,"minecraft:piglin_brute":1,"born_in_chaos_v1:firelight_not_despawn":2},"minecraft:dropped":{"iter_rpg:very_good_and_cheerful_rapier":1,"minecraft:wheat_seeds":2,"environmental:pine_log":1},"minecraft:picked_up":{"minecraft:stick":2,"iter_rpg:whetstone":1,"environmental:cherry_log":7,"environmental:pine_planks":3,"environmental:pine_sapling":1,"minecraft:porkchop":4,"environmental:pine_log":17,"iter_rpg:very_good_and_cheerful_rapier":1,"delightful:salmonberries":1,"atmospheric:orange":8,"minecraft:string":2,"minecraft:spider_eye":1,"born_in_chaos_v1:fire_dust":2,"minecraft:wheat_seeds":4,"minecraft:hay_block":1,"minecraft:bamboo":28,"minecraft:oak_sapling":2}},"DataVersion":3120}