{"stats":{"minecraft:mined":{"quark:dark_oak_bookshelf":3,"atmospheric:laurel_leaves":9,"lootr:lootr_barrel":1,"quark:oak_post":8,"minecraft:crafting_table":1,"minecraft:spruce_trapdoor":3,"supplementaries:ash_bricks":1,"minecraft:grass_block":1,"quark:brown_shingles_slab":1,"environmental:pine_planks":9,"create:cut_deepslate":1,"minecraft:copper_ore":2,"atmospheric:orange":3,"minecraft:hay_block":15,"environmental:cherry_log":1,"environmental:pine_chest":4,"minecraft:barrel":24,"environmental:moody_cherry_leaves":2,"minecraft:fire":2,"treechop:chopped_log":3,"minecraft:brown_bed":2,"minecraft:grass":23,"minecraft:coal_ore":27,"minecraft:oak_leaves":4,"minecraft:bamboo":3,"minecraft:potted_red_tulip":1,"minecraft:stone":4,"supplementaries:hanging_sign_spruce":6},"minecraft:custom":{"enigmaticlegacy:play_time_with_seven_curses":0,"minecraft:interact_with_furnace":1,"lootr:looted_stat":15,"minecraft:mob_kills":27,"enigmaticlegacy:play_time_without_seven_curses":95244,"minecraft:interact_with_crafting_table":14,"minecraft:open_barrel":9,"minecraft:damage_dealt_resisted":757,"minecraft:leave_game":1,"minecraft:time_since_death":72937,"minecraft:sleep_in_bed":6,"minecraft:climb_one_cm":13038,"minecraft:time_since_rest":10011,"minecraft:waystone_activated":5,"minecraft:sprint_one_cm":254733,"minecraft:walk_one_cm":229791,"minecraft:damage_taken":538,"minecraft:drop":16,"minecraft:damage_dealt":6801,"minecraft:swim_one_cm":25968,"minecraft:fly_one_cm":327765,"minecraft:open_chest":37,"minecraft:crouch_one_cm":2306,"minecraft:play_time":95284,"minecraft:deaths":1,"minecraft:sneak_time":2479,"minecraft:walk_under_water_one_cm":943,"minecraft:jump":1096,"minecraft:walk_on_water_one_cm":2695,"minecraft:total_world_time":95284,"minecraft:fall_one_cm":30578},"minecraft:crafted":{"minecraft:crafting_table":3,"minecraft:iron_sword":1,"minecraft:bread":45,"minecraft:iron_chestplate":1,"minecraft:shield":1,"environmental:pine_chest":2,"minecraft:iron_axe":1,"minecraft:iron_pickaxe":1,"minecraft:iron_leggings":1,"environmental:pine_planks":64,"minecraft:wheat":135},"minecraft:used":{"environmental:pine_planks":28,"minecraft:iron_sword":5,"atmospheric:orange":15,"create:cut_deepslate":1,"supplementaries:hanging_sign_spruce":3,"minecraft:dirt":1,"minecraft:crafting_table":3,"supplementaries:ash_bricks":1,"iter_rpg:very_good_and_cheerful_rapier":230,"minecraft:obsidian":7,"waystones:waystone":2,"minecraft:string":1,"minecraft:iron_axe":64,"minecraft:bread":9,"minecraft:iron_pickaxe":40,"minecraft:spruce_trapdoor":1,"environmental:pine_chest":6,"minecraft:barrel":14,"minecraft:brown_bed":2},"minecraft:dropped":{"minecraft:wheat_seeds":2,"iter_rpg:very_good_and_cheerful_rapier":1,"environmental:pine_log":1,"alexsmobs:blobfish":1,"minecraft:iron_helmet":2,"minecraft:rotten_flesh":6,"minecraft:light_gray_wool":1,"unusualprehistory:tar_fossil_item":4,"minecraft:flower_pot":1,"minecraft:map":1,"minecraft:gold_nugget":4,"minecraft:red_tulip":1,"quark:oak_post":8,"minecraft:black_wool":1},"minecraft:killed":{"iter_rpg:goblin":2,"minecraft:pig":2,"minecraft:spider":1,"iter_rpg:spiderling":2,"minecraft:sheep":5,"iter_rpg:goblin_warrior":3,"minecraft:piglin_brute":1,"iter_rpg:hobgoblin":3,"born_in_chaos_v1:firelight_not_despawn":2,"minecraft:cow":6},"minecraft:picked_up":{"minecraft:feather":2,"minecraft:flower_pot":1,"iter_rpg:whetstone":1,"minecraft:leather":4,"quark:oak_post":16,"minecraft:brown_bed":2,"environmental:pine_sapling":1,"supplementaries:ash_bricks":1,"environmental:pine_log":17,"minecraft:dirt":1,"minecraft:string":2,"atmospheric:orange":8,"atmospheric:laurel_sapling":2,"minecraft:raw_copper":6,"minecraft:bone":4,"minecraft:wheat_seeds":5,"minecraft:gold_nugget":5,"iter_rpg:coin":5,"minecraft:beef":13,"create:cut_deepslate":1,"minecraft:light_gray_wool":1,"minecraft:bamboo":28,"alexsmobs:blobfish":1,"minecraft:spruce_trapdoor":3,"environmental:pine_chest":4,"minecraft:book":9,"unusualprehistory:tar_fossil_item":4,"minecraft:stick":5,"alexsmobs:fish_bones":1,"minecraft:acacia_log":7,"environmental:pine_planks":11,"environmental:cherry_log":9,"minecraft:porkchop":4,"iter_rpg:very_good_and_cheerful_rapier":1,"delightful:salmonberries":1,"minecraft:barrel":25,"minecraft:spider_eye":1,"minecraft:rotten_flesh":11,"born_in_chaos_v1:fire_dust":2,"minecraft:tropical_fish":1,"waystones:waystone":1,"minecraft:hay_block":15,"minecraft:iron_helmet":1,"minecraft:red_tulip":2,"supplementaries:hanging_sign_spruce":7,"minecraft:oak_sapling":5,"minecraft:black_wool":2,"minecraft:mutton":5,"minecraft:coal":27,"minecraft:white_wool":2,"minecraft:cobblestone":4}},"DataVersion":3120}