{"stats":{"minecraft:mined":{"atmospheric:laurel_leaves":9,"minecraft:hay_block":1,"environmental:moody_cherry_leaves":2,"minecraft:fire":2,"treechop:chopped_log":2,"minecraft:brown_bed":1,"minecraft:grass":9,"minecraft:coal_ore":27,"environmental:pine_planks":2,"minecraft:copper_ore":2,"minecraft:bamboo":3,"minecraft:stone":4,"atmospheric:orange":3,"quark:dark_oak_bookshelf":3},"minecraft:custom":{"minecraft:time_since_rest":2986,"enigmaticlegacy:play_time_with_seven_curses":0,"minecraft:waystone_activated":1,"lootr:looted_stat":10,"minecraft:sprint_one_cm":154502,"minecraft:damage_taken":480,"minecraft:walk_one_cm":105520,"minecraft:mob_kills":15,"minecraft:drop":6,"minecraft:damage_dealt":1594,"enigmaticlegacy:play_time_without_seven_curses":47244,"minecraft:swim_one_cm":7574,"minecraft:interact_with_crafting_table":5,"minecraft:fly_one_cm":220017,"minecraft:crouch_one_cm":408,"minecraft:play_time":47284,"minecraft:deaths":1,"minecraft:sneak_time":396,"minecraft:walk_under_water_one_cm":341,"minecraft:jump":627,"minecraft:sleep_in_bed":3,"minecraft:leave_game":1,"minecraft:time_since_death":24937,"minecraft:walk_on_water_one_cm":931,"minecraft:total_world_time":47284,"minecraft:climb_one_cm":13038,"minecraft:fall_one_cm":18313},"minecraft:crafted":{"minecraft:crafting_table":1,"minecraft:iron_pickaxe":1,"environmental:pine_planks":64,"minecraft:bread":3,"minecraft:wheat":9},"minecraft:used":{"minecraft:bread":3,"minecraft:iron_pickaxe":35,"environmental:pine_planks":20,"atmospheric:orange":13,"minecraft:crafting_table":1,"iter_rpg:very_good_and_cheerful_rapier":68},"minecraft:dropped":{"iter_rpg:very_good_and_cheerful_rapier":1,"minecraft:wheat_seeds":2,"environmental:pine_log":1,"minecraft:iron_helmet":2},"minecraft:killed":{"minecraft:sheep":5,"minecraft:pig":2,"minecraft:spider":1,"minecraft:piglin_brute":1,"born_in_chaos_v1:firelight_not_despawn":2,"minecraft:cow":4},"minecraft:picked_up":{"minecraft:stick":2,"minecraft:leather":1,"iter_rpg:whetstone":1,"environmental:cherry_log":7,"environmental:pine_planks":3,"minecraft:brown_bed":1,"environmental:pine_sapling":1,"minecraft:porkchop":4,"environmental:pine_log":17,"iter_rpg:very_good_and_cheerful_rapier":1,"delightful:salmonberries":1,"atmospheric:orange":8,"minecraft:string":2,"minecraft:spider_eye":1,"minecraft:raw_copper":6,"atmospheric:laurel_sapling":2,"born_in_chaos_v1:fire_dust":2,"minecraft:wheat_seeds":4,"minecraft:iron_helmet":1,"minecraft:hay_block":1,"minecraft:beef":8,"minecraft:book":9,"minecraft:black_wool":1,"minecraft:light_gray_wool":1,"minecraft:bamboo":28,"minecraft:oak_sapling":5,"minecraft:mutton":5,"minecraft:white_wool":2,"minecraft:coal":27,"minecraft:cobblestone":4}},"DataVersion":3120}