{"stats":{"minecraft:mined":{"minecraft:grass":2,"minecraft:fire":2,"treechop:chopped_log":2},"minecraft:custom":{"minecraft:time_since_rest":977,"enigmaticlegacy:play_time_with_seven_curses":0,"minecraft:crouch_one_cm":302,"minecraft:sprint_one_cm":56715,"lootr:looted_stat":1,"minecraft:play_time":23284,"minecraft:deaths":1,"minecraft:damage_taken":360,"minecraft:walk_one_cm":48673,"minecraft:sneak_time":311,"minecraft:mob_kills":3,"minecraft:drop":4,"minecraft:jump":213,"minecraft:damage_dealt":434,"minecraft:leave_game":1,"minecraft:climb_one_cm":3536,"minecraft:time_since_death":937,"enigmaticlegacy:play_time_without_seven_curses":23244,"minecraft:total_world_time":23284,"minecraft:fall_one_cm":7581,"minecraft:fly_one_cm":111492},"minecraft:used":{"iter_rpg:very_good_and_cheerful_rapier":13},"minecraft:killed":{"minecraft:piglin_brute":1,"born_in_chaos_v1:firelight_not_despawn":2},"minecraft:dropped":{"iter_rpg:very_good_and_cheerful_rapier":1,"minecraft:wheat_seeds":2,"environmental:pine_log":1},"minecraft:picked_up":{"minecraft:stick":2,"born_in_chaos_v1:fire_dust":2,"iter_rpg:whetstone":1,"minecraft:wheat_seeds":4,"environmental:pine_sapling":1,"environmental:pine_log":17,"iter_rpg:very_good_and_cheerful_rapier":1,"delightful:salmonberries":1,"minecraft:oak_sapling":2}},"DataVersion":3120}