{"stats":{"minecraft:custom":{"minecraft:jump":71,"minecraft:time_since_rest":11284,"enigmaticlegacy:play_time_with_seven_curses":0,"lootr:looted_stat":1,"minecraft:crouch_one_cm":138,"minecraft:leave_game":1,"minecraft:play_time":11284,"minecraft:sprint_one_cm":17016,"minecraft:time_since_death":11284,"minecraft:walk_one_cm":16073,"minecraft:sneak_time":262,"enigmaticlegacy:play_time_without_seven_curses":11284,"minecraft:total_world_time":11284,"minecraft:drop":1,"minecraft:fly_one_cm":72847},"minecraft:dropped":{"iter_rpg:very_good_and_cheerful_rapier":1},"minecraft:picked_up":{"iter_rpg:very_good_and_cheerful_rapier":1}},"DataVersion":3120}