{"stats":{"minecraft:mined":{"atmospheric:laurel_leaves":9,"quark:dark_oak_bookshelf":3,"minecraft:cobblestone_stairs":2,"quark:oak_post":8,"minecraft:spruce_trapdoor":3,"supplementaries:ash_bricks":1,"minecraft:grass_block":14,"environmental:pine_planks":9,"minecraft:hay_block":15,"environmental:pine_chest":4,"minecraft:fire":2,"minecraft:barrel":24,"treechop:chopped_log":5,"minecraft:brown_bed":2,"minecraft:bamboo":3,"minecraft:stone":310,"supplementaries:hanging_sign_spruce":6,"lootr:lootr_barrel":1,"minecraft:crafting_table":2,"minecraft:torch":1,"quark:brown_shingles_slab":1,"create:cut_deepslate":1,"minecraft:copper_ore":2,"minecraft:wall_torch":1,"atmospheric:orange":3,"environmental:cherry_log":1,"environmental:moody_cherry_leaves":2,"minecraft:grass":25,"minecraft:coal_ore":27,"minecraft:dripstone_block":89,"minecraft:dirt":40,"minecraft:potted_red_tulip":1,"minecraft:oak_leaves":5},"minecraft:custom":{"minecraft:interact_with_smithing_table":1,"enigmaticlegacy:play_time_with_seven_curses":0,"lootr:looted_stat":15,"minecraft:mob_kills":27,"minecraft:interact_with_crafting_table":18,"minecraft:open_barrel":32,"minecraft:damage_dealt_resisted":757,"minecraft:leave_game":2,"minecraft:time_since_death":104319,"minecraft:climb_one_cm":13038,"minecraft:sprint_one_cm":293120,"minecraft:walk_one_cm":319817,"minecraft:drop":18,"minecraft:play_time":126666,"minecraft:deaths":1,"minecraft:sneak_time":2981,"minecraft:walk_under_water_one_cm":3898,"minecraft:jump":1336,"minecraft:walk_on_water_one_cm":8124,"minecraft:total_world_time":126666,"minecraft:interact_with_furnace":2,"enigmaticlegacy:play_time_without_seven_curses":126626,"minecraft:sleep_in_bed":7,"minecraft:time_since_rest":25083,"minecraft:waystone_activated":6,"minecraft:damage_taken":602,"minecraft:damage_dealt":6801,"minecraft:swim_one_cm":28342,"minecraft:fly_one_cm":347068,"minecraft:open_chest":59,"minecraft:crouch_one_cm":3549,"minecraft:fall_one_cm":34123},"minecraft:used":{"minecraft:iron_sword":5,"minecraft:torch":17,"minecraft:dirt":1,"supplementaries:hanging_sign_spruce":3,"iter_rpg:very_good_and_cheerful_rapier":230,"minecraft:obsidian":7,"minecraft:iron_axe":99,"minecraft:barrel":14,"minecraft:brown_bed":2,"minecraft:water_bucket":3,"minecraft:cobblestone_stairs":113,"environmental:pine_planks":28,"atmospheric:orange":15,"create:cut_deepslate":1,"minecraft:crafting_table":3,"supplementaries:ash_bricks":1,"waystones:waystone":3,"minecraft:bread":11,"minecraft:string":1,"minecraft:iron_pickaxe":470,"minecraft:spruce_trapdoor":1,"environmental:pine_chest":6,"fantasyfurniture:furniture_station":1,"minecraft:smithing_table":1,"minecraft:bucket":4},"minecraft:crafted":{"minecraft:oak_planks":4,"fantasyfurniture:furniture_station":1,"minecraft:cobblestone_stairs":168,"minecraft:iron_axe":1,"environmental:pine_chest":2,"environmental:pine_planks":64,"minecraft:wheat":135,"epicsamurai:katana_handle":1,"minecraft:crafting_table":3,"minecraft:iron_sword":1,"minecraft:bucket":1,"minecraft:bread":45,"minecraft:iron_chestplate":1,"minecraft:gold_nugget":9,"minecraft:shield":1,"minecraft:stick":8,"minecraft:iron_pickaxe":2,"minecraft:iron_leggings":1,"minecraft:torch":48},"minecraft:dropped":{"iter_rpg:very_good_and_cheerful_rapier":1,"minecraft:wheat_seeds":2,"environmental:pine_log":1,"minecraft:iron_helmet":2,"unusualprehistory:tar_fossil_item":4,"minecraft:map":1,"minecraft:gold_nugget":4,"quark:oak_post":16,"alexsmobs:blobfish":1,"minecraft:rotten_flesh":6,"minecraft:light_gray_wool":1,"minecraft:flower_pot":1,"minecraft:red_tulip":2,"minecraft:black_wool":1},"minecraft:killed":{"iter_rpg:goblin":2,"minecraft:spider":1,"iter_rpg:hobgoblin":3,"minecraft:piglin_brute":1,"born_in_chaos_v1:firelight_not_despawn":2,"minecraft:pig":2,"iter_rpg:spiderling":2,"minecraft:sheep":5,"iter_rpg:goblin_warrior":3,"minecraft:cow":6},"minecraft:broken":{"minecraft:iron_pickaxe":1},"minecraft:picked_up":{"minecraft:crafting_table":1,"minecraft:flower_pot":1,"iter_rpg:whetstone":1,"minecraft:smithing_table":1,"minecraft:brown_bed":2,"environmental:pine_sapling":1,"supplementaries:ash_bricks":1,"minecraft:string":2,"minecraft:dark_oak_trapdoor":1,"minecraft:raw_copper":6,"atmospheric:laurel_sapling":2,"minecraft:gold_nugget":9,"iter_rpg:coin":5,"minecraft:beef":13,"minecraft:light_gray_wool":1,"minecraft:spruce_trapdoor":3,"unusualprehistory:tar_fossil_item":4,"minecraft:stick":5,"minecraft:torch":2,"minecraft:acacia_log":15,"environmental:pine_planks":11,"minecraft:porkchop":4,"iter_rpg:very_good_and_cheerful_rapier":1,"minecraft:rotten_flesh":11,"minecraft:tropical_fish":1,"minecraft:hay_block":15,"minecraft:red_tulip":2,"minecraft:mutton":5,"supplementaries:hanging_sign_spruce":7,"minecraft:cobblestone":310,"minecraft:white_wool":2,"minecraft:feather":2,"minecraft:leather":4,"quark:oak_post":16,"minecraft:oak_log":5,"environmental:pine_log":17,"minecraft:cobblestone_stairs":2,"atmospheric:orange":8,"minecraft:dirt":54,"minecraft:bone":4,"minecraft:wheat_seeds":7,"create:cut_deepslate":1,"minecraft:bamboo":28,"alexsmobs:blobfish":1,"minecraft:acacia_sapling":4,"minecraft:book":9,"environmental:pine_chest":4,"alexsmobs:fish_bones":1,"environmental:cherry_log":9,"minecraft:dripstone_block":87,"delightful:salmonberries":1,"minecraft:spider_eye":1,"minecraft:barrel":25,"born_in_chaos_v1:fire_dust":2,"waystones:waystone":2,"minecraft:iron_helmet":1,"minecraft:oak_sapling":5,"minecraft:black_wool":3,"minecraft:coal":27}},"DataVersion":3120}