{"stats":{"minecraft:custom":{"minecraft:jump":32,"minecraft:time_since_rest":7203,"enigmaticlegacy:play_time_with_seven_curses":0,"minecraft:leave_game":1,"minecraft:sprint_one_cm":10460,"minecraft:play_time":7203,"minecraft:time_since_death":7203,"minecraft:walk_one_cm":8037,"minecraft:sneak_time":23,"enigmaticlegacy:play_time_without_seven_curses":7203,"minecraft:total_world_time":7203,"minecraft:drop":1,"minecraft:fly_one_cm":33007},"minecraft:dropped":{"iter_rpg:very_good_and_cheerful_rapier":1},"minecraft:picked_up":{"iter_rpg:very_good_and_cheerful_rapier":1}},"DataVersion":3120}