{"stats":{"minecraft:mined":{"quark:dark_oak_bookshelf":3,"atmospheric:laurel_leaves":9,"minecraft:crafting_table":1,"minecraft:grass_block":1,"environmental:pine_planks":9,"minecraft:copper_ore":2,"atmospheric:orange":3,"minecraft:hay_block":15,"environmental:cherry_log":1,"environmental:moody_cherry_leaves":2,"minecraft:fire":2,"treechop:chopped_log":2,"minecraft:brown_bed":2,"minecraft:grass":22,"minecraft:coal_ore":27,"minecraft:bamboo":3,"minecraft:stone":4},"minecraft:custom":{"enigmaticlegacy:play_time_with_seven_curses":0,"lootr:looted_stat":10,"minecraft:mob_kills":24,"enigmaticlegacy:play_time_without_seven_curses":71244,"minecraft:interact_with_crafting_table":13,"minecraft:damage_dealt_resisted":757,"minecraft:leave_game":1,"minecraft:time_since_death":48937,"minecraft:sleep_in_bed":5,"minecraft:climb_one_cm":13038,"minecraft:time_since_rest":0,"minecraft:waystone_activated":4,"minecraft:sprint_one_cm":204030,"minecraft:walk_one_cm":160448,"minecraft:damage_taken":508,"minecraft:drop":8,"minecraft:damage_dealt":6641,"minecraft:swim_one_cm":11609,"minecraft:fly_one_cm":284453,"minecraft:open_chest":10,"minecraft:crouch_one_cm":1934,"minecraft:play_time":71284,"minecraft:deaths":1,"minecraft:sneak_time":2352,"minecraft:walk_under_water_one_cm":549,"minecraft:jump":923,"minecraft:walk_on_water_one_cm":1588,"minecraft:total_world_time":71284,"minecraft:fall_one_cm":26187},"minecraft:crafted":{"minecraft:crafting_table":2,"minecraft:iron_sword":1,"minecraft:bread":45,"minecraft:iron_chestplate":1,"minecraft:shield":1,"environmental:pine_chest":2,"minecraft:iron_axe":1,"minecraft:iron_pickaxe":1,"minecraft:iron_leggings":1,"environmental:pine_planks":64,"minecraft:wheat":135},"minecraft:used":{"environmental:pine_planks":28,"atmospheric:orange":15,"minecraft:crafting_table":2,"iter_rpg:very_good_and_cheerful_rapier":230,"waystones:waystone":1,"minecraft:string":1,"minecraft:iron_axe":7,"minecraft:bread":6,"minecraft:iron_pickaxe":36,"environmental:pine_chest":2,"minecraft:brown_bed":2},"minecraft:dropped":{"minecraft:wheat_seeds":2,"iter_rpg:very_good_and_cheerful_rapier":1,"environmental:pine_log":1,"minecraft:iron_helmet":2,"minecraft:light_gray_wool":1,"minecraft:map":1},"minecraft:killed":{"iter_rpg:goblin":2,"minecraft:pig":2,"minecraft:spider":1,"minecraft:sheep":5,"iter_rpg:goblin_warrior":3,"minecraft:piglin_brute":1,"iter_rpg:hobgoblin":3,"born_in_chaos_v1:firelight_not_despawn":2,"minecraft:cow":5},"minecraft:picked_up":{"iter_rpg:whetstone":1,"minecraft:leather":2,"minecraft:brown_bed":2,"environmental:pine_sapling":1,"environmental:pine_log":17,"minecraft:dirt":1,"minecraft:string":2,"atmospheric:orange":8,"atmospheric:laurel_sapling":2,"minecraft:raw_copper":6,"minecraft:wheat_seeds":4,"minecraft:gold_nugget":1,"iter_rpg:coin":5,"minecraft:beef":10,"minecraft:light_gray_wool":1,"minecraft:bamboo":28,"minecraft:book":9,"unusualprehistory:tar_fossil_item":4,"minecraft:stick":5,"environmental:pine_planks":11,"environmental:cherry_log":9,"minecraft:porkchop":4,"iter_rpg:very_good_and_cheerful_rapier":1,"delightful:salmonberries":1,"minecraft:spider_eye":1,"born_in_chaos_v1:fire_dust":2,"waystones:waystone":1,"minecraft:hay_block":15,"minecraft:iron_helmet":1,"minecraft:oak_sapling":5,"minecraft:black_wool":1,"minecraft:mutton":5,"minecraft:coal":27,"minecraft:white_wool":2,"minecraft:cobblestone":4}},"DataVersion":3120}