{"stats":{"minecraft:mined":{"quark:dark_oak_bookshelf":3,"atmospheric:laurel_leaves":9,"lootr:lootr_barrel":1,"quark:oak_post":8,"minecraft:torch":1,"minecraft:crafting_table":2,"minecraft:spruce_trapdoor":3,"supplementaries:ash_bricks":1,"minecraft:grass_block":14,"quark:brown_shingles_slab":1,"environmental:pine_planks":9,"create:cut_deepslate":1,"minecraft:copper_ore":2,"minecraft:wall_torch":1,"atmospheric:orange":3,"minecraft:hay_block":15,"environmental:cherry_log":1,"environmental:pine_chest":4,"minecraft:barrel":24,"environmental:moody_cherry_leaves":2,"minecraft:fire":2,"treechop:chopped_log":5,"minecraft:brown_bed":2,"minecraft:grass":25,"minecraft:coal_ore":27,"minecraft:dripstone_block":89,"minecraft:dirt":40,"minecraft:oak_leaves":5,"minecraft:bamboo":3,"minecraft:potted_red_tulip":1,"minecraft:stone":310,"supplementaries:hanging_sign_spruce":6},"minecraft:custom":{"minecraft:interact_with_smithing_table":1,"enigmaticlegacy:play_time_with_seven_curses":0,"minecraft:interact_with_furnace":2,"lootr:looted_stat":15,"minecraft:mob_kills":27,"enigmaticlegacy:play_time_without_seven_curses":119244,"minecraft:interact_with_crafting_table":17,"minecraft:open_barrel":31,"minecraft:damage_dealt_resisted":757,"minecraft:leave_game":1,"minecraft:time_since_death":96937,"minecraft:sleep_in_bed":7,"minecraft:climb_one_cm":13038,"minecraft:time_since_rest":17701,"minecraft:waystone_activated":6,"minecraft:sprint_one_cm":287733,"minecraft:walk_one_cm":297322,"minecraft:damage_taken":578,"minecraft:drop":18,"minecraft:damage_dealt":6801,"minecraft:swim_one_cm":28342,"minecraft:fly_one_cm":346459,"minecraft:open_chest":54,"minecraft:crouch_one_cm":3451,"minecraft:play_time":119284,"minecraft:deaths":1,"minecraft:sneak_time":2955,"minecraft:walk_under_water_one_cm":2555,"minecraft:jump":1272,"minecraft:walk_on_water_one_cm":3318,"minecraft:total_world_time":119284,"minecraft:fall_one_cm":34123},"minecraft:crafted":{"epicsamurai:katana_handle":1,"minecraft:oak_planks":4,"fantasyfurniture:furniture_station":1,"minecraft:crafting_table":3,"minecraft:iron_sword":1,"minecraft:bucket":1,"minecraft:bread":45,"minecraft:iron_chestplate":1,"minecraft:gold_nugget":9,"minecraft:shield":1,"environmental:pine_chest":2,"minecraft:iron_axe":1,"minecraft:stick":8,"minecraft:iron_pickaxe":2,"minecraft:iron_leggings":1,"minecraft:torch":48,"environmental:pine_planks":64,"minecraft:wheat":135},"minecraft:used":{"minecraft:water_bucket":1,"environmental:pine_planks":28,"minecraft:iron_sword":5,"atmospheric:orange":15,"create:cut_deepslate":1,"minecraft:torch":17,"supplementaries:hanging_sign_spruce":3,"minecraft:dirt":1,"minecraft:crafting_table":3,"supplementaries:ash_bricks":1,"iter_rpg:very_good_and_cheerful_rapier":230,"minecraft:obsidian":7,"waystones:waystone":3,"minecraft:string":1,"minecraft:iron_axe":99,"minecraft:bread":10,"minecraft:iron_pickaxe":468,"minecraft:spruce_trapdoor":1,"environmental:pine_chest":6,"minecraft:barrel":14,"fantasyfurniture:furniture_station":1,"minecraft:smithing_table":1,"minecraft:bucket":2,"minecraft:brown_bed":2},"minecraft:dropped":{"minecraft:wheat_seeds":2,"iter_rpg:very_good_and_cheerful_rapier":1,"environmental:pine_log":1,"alexsmobs:blobfish":1,"minecraft:iron_helmet":2,"minecraft:rotten_flesh":6,"minecraft:light_gray_wool":1,"unusualprehistory:tar_fossil_item":4,"minecraft:flower_pot":1,"minecraft:map":1,"minecraft:gold_nugget":4,"minecraft:red_tulip":2,"quark:oak_post":16,"minecraft:black_wool":1},"minecraft:killed":{"iter_rpg:goblin":2,"minecraft:pig":2,"minecraft:spider":1,"iter_rpg:spiderling":2,"minecraft:sheep":5,"iter_rpg:goblin_warrior":3,"minecraft:piglin_brute":1,"iter_rpg:hobgoblin":3,"born_in_chaos_v1:firelight_not_despawn":2,"minecraft:cow":6},"minecraft:broken":{"minecraft:iron_pickaxe":1},"minecraft:picked_up":{"minecraft:crafting_table":1,"minecraft:feather":2,"minecraft:flower_pot":1,"iter_rpg:whetstone":1,"minecraft:leather":4,"minecraft:smithing_table":1,"quark:oak_post":16,"minecraft:brown_bed":2,"environmental:pine_sapling":1,"supplementaries:ash_bricks":1,"minecraft:oak_log":5,"environmental:pine_log":17,"minecraft:dark_oak_trapdoor":1,"minecraft:dirt":54,"minecraft:string":2,"atmospheric:orange":8,"atmospheric:laurel_sapling":2,"minecraft:raw_copper":6,"minecraft:bone":4,"minecraft:wheat_seeds":7,"minecraft:gold_nugget":9,"iter_rpg:coin":5,"minecraft:beef":13,"create:cut_deepslate":1,"minecraft:light_gray_wool":1,"minecraft:bamboo":28,"alexsmobs:blobfish":1,"minecraft:acacia_sapling":4,"minecraft:spruce_trapdoor":3,"environmental:pine_chest":4,"minecraft:book":9,"unusualprehistory:tar_fossil_item":4,"minecraft:stick":5,"alexsmobs:fish_bones":1,"minecraft:dripstone_block":87,"minecraft:torch":2,"minecraft:acacia_log":15,"environmental:pine_planks":11,"environmental:cherry_log":9,"minecraft:porkchop":4,"iter_rpg:very_good_and_cheerful_rapier":1,"delightful:salmonberries":1,"minecraft:barrel":25,"minecraft:spider_eye":1,"minecraft:rotten_flesh":11,"born_in_chaos_v1:fire_dust":2,"minecraft:tropical_fish":1,"waystones:waystone":2,"minecraft:hay_block":15,"minecraft:iron_helmet":1,"minecraft:red_tulip":2,"supplementaries:hanging_sign_spruce":7,"minecraft:oak_sapling":5,"minecraft:black_wool":3,"minecraft:mutton":5,"minecraft:coal":27,"minecraft:white_wool":2,"minecraft:cobblestone":310}},"DataVersion":3120}